Elements,Map,Slice,
100,1905,5174,0.368187089
1000,25501,92815,0.274750848
10000,306317,1068061,0.28679729
100000,4002228,12106692,0.330579815
1000000,77154413,132747592,0.581211394
10000000,989156570,1444082600,0.684972293
100000000,13375765000,16003915400,0.835780786
